"","count.P"
"1316_at",85
"1320_at",85
"1405_i_at",85
"1552280_at",85
"1552281_at",85
"1552283_s_at",85
"1552286_at",85
"1552315_at",85
"1552316_a_at",85
"1552318_at",85
"1552319_a_at",85
"1552320_a_at",85
"1552321_a_at",85
"1552326_a_at",85
"1552327_at",85
"1552365_at",65
"1552367_a_at",79
"1552368_at",85
"1552370_at",85
"1552372_at",85
"1552373_s_at",72
"1552375_at",85
"1552377_s_at",85
"1552379_at",83
"1552381_at",85
"1552383_at",78
"1552384_a_at",85
"1552386_at",85
"1552388_at",84
"1552389_at",85
"1552390_a_at",85
"1552391_at",85
"1552393_at",85
"1552394_a_at",85
"1552396_at",85
"1552398_a_at",85
"1552399_a_at",85
"1552400_a_at",85
"1552401_a_at",85
"1552402_at",85
"1552405_at",85
"1552408_at",85
"1552409_a_at",85
"1552410_at",85
"1552411_at",85
"1552412_a_at",85
"1552414_at",85
"1552415_a_at",85
"1552418_at",85
"1552419_s_at",85
"1552421_a_at",85
"1552423_at",85
"1552424_at",84
"1552426_a_at",85
"1552427_at",78
"1552432_at",68
"1552436_a_at",75
"1552438_a_at",85
"1552455_at",85
"1552456_a_at",84
"1552457_a_at",85
"1552458_at",85
"1552459_a_at",85
"1552461_at",85
"1552463_at",85
"1552466_x_at",85
"1552467_at",85
"1552470_a_at",85
"1552472_a_at",85
"1552477_a_at",76
"1552478_a_at",85
"1552480_s_at",85
"1552484_at",85
"1552485_at",66
"1552486_s_at",69
"1552487_a_at",85
"1552489_s_at",85
"1552490_at",85
"1552491_at",80
"1552493_s_at",85
"1552494_at",85
"1552496_a_at",85
"1552497_a_at",85
"1552498_at",85
"1552499_a_at",85
"1552501_a_at",85
"1552502_s_at",85
"1552503_at",85
"1552504_a_at",84
"1552506_at",85
"1552507_at",85
"1552508_at",78
"1552509_a_at",85
"1552510_at",67
"1552511_a_at",85
"1552515_at",85
"1552521_a_at",85
"1552524_at",82
"1552526_at",85
"1552531_a_at",85
"1552536_at",84
"1552540_s_at",85
"1552542_s_at",73
"1552543_a_at",82
"1552544_at",85
"1552552_s_at",80
"1552554_a_at",78
"1552555_at",65
"1552559_a_at",85
"1552562_at",75
"1552563_a_at",85
"1552564_at",85
"1552569_a_at",85
"1552570_at",85
"1552573_s_at",85
"1552575_a_at",82
"1552580_at",85
"1552582_at",85
"1552583_s_at",85
"1552584_at",76
"1552585_s_at",85
"1552587_at",83
"1552588_a_at",85
"1552592_at",77
"1552594_at",74
"1552598_at",82
"1552599_at",85
"1552604_at",85
"1552605_s_at",83
"1552607_at",85
"1552609_s_at",84
"1552615_at",85
"1552616_a_at",85
"1552618_at",85
"1552621_at",85
"1552627_a_at",84
"1552628_a_at",85
"1552629_a_at",85
"1552631_a_at",85
"1552633_at",82
"1552634_a_at",85
"1552637_at",84
"1552639_at",80
"1552646_at",85
"1552651_a_at",85
"1552656_s_at",83
"1552658_a_at",85
"1552660_a_at",65
"1552662_a_at",71
"1552670_a_at",85
"1552672_a_at",85
"1552676_at",77
"1552678_a_at",85
"1552682_a_at",84
"1552684_a_at",85
"1552685_a_at",84
"1552686_at",85
"1552687_a_at",85
"1552689_at",85
"1552695_a_at",80
"1552698_at",85
"1552701_a_at",85
"1552705_at",81
"1552708_a_at",68
"1552716_at",85
"1552717_s_at",85
"1552719_at",85
"1552722_at",83
"1552724_at",85
"1552726_at",78
"1552729_at",83
"1552730_at",85
"1552732_at",85
"1552733_at",80
"1552734_at",84
"1552735_at",69
"1552738_a_at",84
"1552749_a_at",84
"1552750_at",85
"1552751_a_at",85
"1552758_at",84
"1552765_x_at",74
"1552766_at",85
"1552767_a_at",85
"1552768_at",85
"1552770_s_at",82
"1552771_a_at",84
"1552772_at",85
"1552773_at",85
"1552774_a_at",85
"1552775_at",83
"1552783_at",68
"1552785_at",84
"1552787_at",85
"1552789_at",78
"1552791_a_at",84
"1552792_at",65
"1552793_at",85
"1552794_a_at",84
"1552797_s_at",84
"1552799_at",76
"1552801_at",85
"1552804_a_at",75
"1552806_a_at",85
"1552808_at",75
"1552809_at",85
"1552812_a_at",85
"1552813_at",85
"1552814_a_at",85
"1552825_at",80
"1552826_at",85
"1552827_s_at",85
"1552828_at",85
"1552833_at",85
"1552834_at",84
"1552837_at",78
"1552841_s_at",66
"1552846_s_at",76
"1552848_a_at",75
"1552849_at",85
"1552854_a_at",78
"1552856_at",84
"1552857_a_at",85
"1552865_a_at",72
"1552868_at",85
"1552870_s_at",69
"1552872_at",75
"1552873_s_at",84
"1552875_a_at",76
"1552884_at",85
"1552892_at",72
"1552897_a_at",85
"1552900_a_at",85
"1552902_a_at",85
"1552903_at",85
"1552906_at",81
"1552911_at",74
"1552912_a_at",84
"1552915_at",79
"1552917_at",82
"1552922_at",80
"1552924_a_at",85
"1552927_at",85
"1552930_at",83
"1552932_at",85
"1552937_s_at",75
"1552944_a_at",69
"1552948_at",72
"1552954_at",85
"1552955_at",82
"1552957_at",73
"1552960_at",85
"1552965_a_at",84
"1552972_at",73
"1552973_at",82
"1552977_a_at",85
"1552978_a_at",85
"1552988_at",85
"1552990_at",71
"1552993_at",85
"1552995_at",85
"1553002_at",82
"1553003_at",79
"1553004_at",81
"1553006_at",83
"1553007_a_at",82
"1553013_at",81
"1553015_a_at",85
"1553021_s_at",82
"1553027_a_at",85
"1553030_a_at",83
"1553033_at",85
"1553034_at",85
"1553036_at",72
"1553037_a_at",85
"1553039_a_at",81
"1553044_at",70
"1553045_at",85
"1553046_s_at",84
"1553048_a_at",84
"1553051_s_at",77
"1553052_at",73
"1553053_at",82
"1553058_at",85
"1553062_at",72
"1553067_a_at",85
"1553071_a_at",80
"1553072_at",70
"1553080_at",77
"1553082_at",69
"1553084_at",84
"1553086_at",83
"1553088_a_at",84
"1553093_a_at",68
"1553094_at",84
"1553101_a_at",72
"1553108_at",80
"1553112_s_at",85
"1553113_s_at",85
"1553114_a_at",84
"1553122_s_at",68
"1553123_at",79
"1553125_x_at",85
"1553126_a_at",85
"1553127_a_at",75
"1553129_at",85
"1553130_at",81
"1553146_at",84
"1553148_a_at",85
"1553151_at",84
"1553156_at",81
"1553171_x_at",85
"1553175_s_at",80
"1553178_a_at",85
"1553186_x_at",64
"1553188_s_at",73
"1553196_a_at",85
"1553199_at",81
"1553204_at",70
"1553205_at",69
"1553207_at",85
"1553209_at",85
"1553212_at",85
"1553215_s_at",85
"1553221_at",85
"1553222_at",85
"1553224_at",64
"1553225_s_at",85
"1553235_at",84
"1553239_at",81
"1553241_at",83
"1553244_at",85
"1553247_a_at",85
"1553257_at",83
"1553263_at",75
"1553264_a_at",85
"1553279_at",73
"1553284_s_at",71
"1553292_s_at",85
"1553301_a_at",79
"1553303_at",84
"1553310_at",84
"1553317_s_at",84
"1553319_at",76
"1553320_s_at",66
"1553326_at",64
"1553333_at",84
"1553348_a_at",82
"1553356_at",83
"1553367_a_at",85
"1553376_a_at",85
"1553391_at",78
"1553396_a_at",85
"1553403_at",76
"1553405_a_at",74
"1553407_at",85
"1553409_at",65
"1553410_a_at",73
"1553411_s_at",79
"1553423_a_at",80
"1553426_at",85
"1553429_at",85
"1553430_a_at",85
"1553441_at",82
"1553446_at",81
"1553447_at",85
"1553460_at",65
"1553466_at",81
"1553470_at",85
"1553474_at",85
"1553482_at",84
"1553485_at",65
"1553486_a_at",81
"1553489_a_at",85
"1553494_at",72
"1553498_at",85
"1553505_at",83
"1553511_at",85
"1553528_a_at",67
"1553530_a_at",76
"1553535_a_at",73
"1553552_at",84
"1553555_at",85
"1553565_s_at",81
"1553573_s_at",85
"1553587_a_at",83
"1553589_a_at",77
"1553592_x_at",82
"1553604_at",71
"1553607_at",78
"1553612_at",82
"1553618_at",85
"1553634_a_at",71
"1553644_at",78
"1553645_at",84
"1553646_at",75
"1553651_at",85
"1553654_at",85
"1553670_at",69
"1553673_at",85
"1553674_at",70
"1553675_at",76
"1553685_s_at",85
"1553696_s_at",83
"1553698_a_at",74
"1553709_a_at",84
"1553727_at",80
"1553736_at",85
"1553740_a_at",70
"1553755_at",64
"1553778_at",79
"1553785_at",78
"1553793_a_at",85
"1553796_at",81
"1553799_at",85
"1553803_at",85
"1553810_a_at",81
"1553817_at",85
"1553823_a_at",84
"1553832_at",85
"1553835_a_at",72
"1553837_at",85
"1553845_x_at",81
"1553846_at",77
"1553851_at",84
"1553857_at",85
"1553869_at",79
"1553880_at",81
"1553882_at",85
"1553886_at",71
"1553887_at",83
"1553893_at",84
"1553898_a_at",85
"1553917_at",68
"1553943_at",80
"1553993_s_at",85
"1553995_a_at",78
"1553998_at",85
"1554001_at",85
"1554004_a_at",67
"1554010_at",75
"1554039_at",65
"1554076_s_at",74
"1554095_at",81
"1554098_at",77
"1554099_a_at",82
"1554102_a_at",74
"1554119_at",74
"1554121_at",75
"1554122_a_at",85
"1554127_s_at",85
"1554131_at",85
"1554158_at",76
"1554159_a_at",73
"1554167_a_at",82
"1554170_a_at",84
"1554194_at",77
"1554205_s_at",85
"1554212_s_at",82
"1554231_a_at",85
"1554258_a_at",69
"1554273_a_at",85
"1554276_at",68
"1554283_at",84
"1554298_a_at",82
"1554308_s_at",83
"1554312_at",79
"1554316_at",85
"1554327_a_at",68
"1554355_a_at",82
"1554377_a_at",80
"1554382_at",85
"1554394_at",85
"1554401_a_at",65
"1554419_x_at",77
"1554430_at",84
"1554432_x_at",84
"1554438_at",78
"1554451_s_at",72
"1554456_a_at",84
"1554460_at",83
"1554462_a_at",85
"1554469_at",81
"1554482_a_at",81
"1554488_at",64
"1554494_at",85
"1554495_s_at",69
"1554506_x_at",85
"1554516_at",84
"1554569_a_at",85
"1554583_a_at",78
"1554586_a_at",85
"1554613_a_at",85
"1554623_x_at",82
"1554649_at",72
"1554659_at",79
"1554675_a_at",85
"1554678_s_at",85
"1554696_s_at",85
"1554700_at",68
"1554762_a_at",70
"1554771_at",85
"1554774_at",65
"1554777_at",85
"1554786_at",81
"1554787_at",65
"1554789_a_at",85
"1554830_a_at",71
"1554862_at",83
"1554864_a_at",76
"1554866_at",82
"1554871_at",82
"1554895_a_at",85
"1554911_at",67
"1554919_s_at",74
"1554920_at",85
"1554932_at",81
"1554949_at",70
"1554958_at",85
"1554964_x_at",65
"1554982_a_at",68
"1555034_at",85
"1555052_a_at",84
"1555053_at",67
"1555106_a_at",64
"1555141_a_at",75
"1555194_at",81
"1555214_a_at",81
"1555241_at",81
"1555252_a_at",77
"1555266_a_at",73
"1555267_at",68
"1555281_x_at",75
"1555322_at",78
"1555325_s_at",85
"1555384_a_at",85
"1555420_a_at",76
"1555439_at",83
"1555450_a_at",82
"1555523_a_at",81
"1555572_at",77
"1555611_s_at",76
"1555653_at",70
"1555708_a_at",78
"1555728_a_at",79
"1555729_a_at",75
"1555759_a_at",85
"1555765_a_at",69
"1555780_a_at",73
"1555827_at",85
"1555855_at",85
"1555963_x_at",85
"1555972_s_at",83
"1555994_at",74
"1555997_s_at",73
"1556001_at",65
"1556007_s_at",73
"1556029_s_at",66
"1556037_s_at",72
"1556065_at",72
"1556072_at",64
"1556081_at",67
"1556253_s_at",67
"1556284_at",85
"1556378_a_at",70
"1556381_at",79
"1556382_a_at",78
"1556397_at",83
"1556467_at",82
"1556473_at",79
"1556489_at",85
"1556521_a_at",76
"1556536_at",67
"1556538_at",76
"1556584_at",76
"1556633_at",84
"1556665_at",85
"1556706_at",66
"1556757_a_at",82
"1556770_a_at",84
"1556815_at",85
"1556821_x_at",85
"1556947_at",85
"1556950_s_at",72
"1557029_at",83
"1557062_at",70
"1557197_a_at",67
"1557380_at",79
"1557383_a_at",79
"1557400_at",84
"1557402_at",85
"1557431_at",65
"1557513_a_at",85
"1557517_a_at",78
"1557567_a_at",85
"1557677_a_at",77
"1557713_at",68
"1557818_x_at",83
"1558117_s_at",85
"1558119_at",69
"1558273_a_at",84
"1558437_at",82
"1558662_s_at",67
"1558893_a_at",85
"1559067_a_at",85
"1559134_a_at",74
"1559274_at",83
"1559342_a_at",79
"1559444_at",78
"1559590_at",85
"1559683_at",84
"1559689_a_at",74
"1559709_at",85
"1559732_at",85
"1559925_s_at",83
"1559930_at",70
"1560214_at",80
"1560342_at",80
"1560353_at",85
"1560486_at",85
"1560493_a_at",65
"1560582_a_at",85
"1560648_s_at",69
"1560906_at",77
"1560929_at",64
"1561082_at",85
"1561303_at",79
"1561408_at",66
"1561482_at",77
"1561491_at",76
"1561618_at",85
"1561714_a_at",85
"1561789_at",81
"1562053_at",84
"1562055_at",85
"1562106_at",83
"1562488_at",84
"1562643_at",85
"1562684_at",70
"1562697_at",85
"1562698_x_at",84
"1562805_at",85
"1562919_at",85
"1562969_at",76
"1563077_at",75
"1563185_at",76
"1563186_at",80
"1563327_a_at",85
"1563531_at",79
"1563646_a_at",83
"1563654_at",84
"1563685_at",83
"1563745_a_at",71
"1563750_at",78
"1563816_at",85
"1563872_at",74
"1564208_x_at",85
"1564264_at",85
"1564473_at",85
"1564603_at",84
"1565000_a_at",85
"1565559_at",70
"1565577_s_at",70
"1565684_at",75
"1565735_at",66
"1565900_at",85
"1566099_at",83
"1566134_at",79
"1566149_at",83
"1566157_x_at",84
"1566158_at",76
"1566162_x_at",80
"1566176_at",82
"1566177_at",85
"1566186_at",83
"1566190_at",85
"1566201_at",77
"1566202_at",85
"1566203_at",81
"1566204_at",70
"1566207_at",74
"1566209_at",85
"1566210_at",65
"1566215_at",75
"1566222_at",84
"1566231_at",85
"1566232_at",85
"1566243_at",78
"1566249_at",85
"1566257_at",84
"1566265_at",85
"1566266_at",84
"1566268_at",85
"1566269_at",85
"1566284_at",84
"1566285_at",79
"1566289_at",85
"1566294_at",76
"1566302_at",85
"1566323_at",80
"1566339_at",85
"1566362_at",85
"1566402_at",85
"1566427_at",85
"1566428_at",85
"1566432_at",83
"1566433_at",68
"1566452_at",85
"1566455_at",76
"1566459_at",80
"1566461_at",85
"1566468_at",79
"1566471_at",84
"1566476_at",66
"1566477_at",84
"1566478_at",85
"1566480_x_at",85
"1566484_at",81
"1566490_at",85
"1566499_at",73
"1566502_at",85
"1566503_at",65
"1566504_at",69
"1566505_at",85
"1566518_at",85
"1566526_at",85
"1566527_at",70
"1566528_at",85
"1566543_at",85
"1566549_at",81
"1566550_at",85
"1566551_at",85
"1566555_at",84
"1566576_at",80
"1566577_at",73
"1566580_at",83
"1566585_at",85
"1566586_at",85
"1566606_a_at",68
"1566609_at",66
"1566622_at",82
"1566631_at",82
"1566637_at",85
"1566646_at",73
"1566653_at",66
"1566666_at",85
"1566670_at",85
"1566688_at",85
"1566689_at",85
"1566691_at",80
"1566702_at",85
"1566722_a_at",85
"1566725_at",74
"1566727_at",80
"1566728_at",85
"1566734_at",71
"1566761_a_at",85
"1566767_at",85
"1566772_at",78
"1566834_at",66
"1566837_at",85
"1566839_at",85
"1566843_at",84
"1566848_x_at",64
"1566863_at",76
"1566865_at",83
"1566867_at",80
"1566868_at",82
"1566869_at",80
"1566879_at",85
"1566898_at",71
"1566899_at",75
"1566906_at",85
"1566930_at",85
"1566958_at",84
"1566963_at",85
"1566966_at",85
"1566974_at",84
"1566981_at",73
"1566984_at",76
"1567008_at",84
"1567011_at",79
"1567023_at",84
"1567032_s_at",85
"1567058_at",82
"1567065_at",85
"1567079_at",75
"1567105_at",82
"1567174_at",77
"1567182_at",85
"1567251_at",85
"1567252_at",85
"1567254_at",85
"1567257_at",71
"1567271_at",80
"1567272_at",82
"1567273_at",82
"1567280_at",85
"1567303_at",83
"1567334_at",82
"1567378_x_at",71
"1567440_at",84
"1567519_at",75
"1567539_at",85
"1567576_at",74
"1567657_at",85
"1567686_at",85
"1568191_at",85
"1568248_x_at",85
"1568249_at",84
"1568286_at",85
"1568574_x_at",80
"1568589_at",84
"1568604_a_at",85
"1568616_a_at",69
"1568623_a_at",67
"1568647_at",71
"1568663_a_at",80
"1568675_at",84
"1568690_a_at",68
"1568695_s_at",85
"1568755_a_at",81
"1568768_s_at",83
"1568770_at",81
"1568777_at",83
"1568779_a_at",70
"1568812_at",64
"1568840_at",79
"1568845_at",78
"1568850_at",71
"1568904_at",85
"1568922_at",85
"1569065_s_at",80
"1569067_at",80
"1569069_s_at",77
"1569077_x_at",77
"1569078_at",84
"1569089_a_at",85
"1569090_x_at",85
"1569100_a_at",71
"1569128_at",84
"1569146_s_at",80
"1569147_at",77
"1569262_x_at",85
"1569322_at",84
"1569352_at",79
"1569354_at",76
"1569466_at",74
"1569746_s_at",85
"1569770_x_at",83
"1569805_at",83
"1569996_at",80
"1570001_at",80
"1570127_at",85
"1570135_at",71
"1570160_at",80
"1570182_at",75
"1570196_at",85
"1570244_at",85
"1570266_x_at",76
"1570281_at",85
"1570306_at",85
"1570383_at",85
"1570425_s_at",70
"1570517_at",85
"200004_at",84
"200032_s_at",85
"200036_s_at",79
"200051_at",85
"200067_x_at",65
"200086_s_at",70
"200092_s_at",66
"200613_at",85
"200642_at",85
"200670_at",85
"200723_s_at",83
"200724_at",85
"200726_at",85
"200823_x_at",85
"200848_at",85
"200898_s_at",84
"200903_s_at",78
"200917_s_at",75
"200958_s_at",85
"200968_s_at",84
"200987_x_at",85
"201009_s_at",84
"201028_s_at",85
"201040_at",83
"201056_at",85
"201082_s_at",74
"201084_s_at",84
"201094_at",71
"201115_at",85
"201123_s_at",85
"201126_s_at",78
"201127_s_at",85
"201128_s_at",82
"201129_at",85
"201130_s_at",85
"201239_s_at",85
"201332_s_at",85
"201375_s_at",85
"201404_x_at",75
"201407_s_at",85
"201467_s_at",69
"201474_s_at",85
"201478_s_at",78
"201507_at",85
"201529_s_at",85
"201547_at",81
"201548_s_at",69
"201560_at",85
"201614_s_at",82
"201618_x_at",85
"201627_s_at",64
"201646_at",85
"201679_at",78
"201682_at",85
"201698_s_at",85
"201710_at",82
"201712_s_at",78
"201713_s_at",76
"201724_s_at",85
"201728_s_at",85
"201733_at",71
"201734_at",85
"201746_at",72
"201750_s_at",82
"201758_at",80
"201759_at",82
"201761_at",75
"201763_s_at",85
"201768_s_at",85
"201771_at",75
"201777_s_at",85
"201781_s_at",64
"201794_s_at",74
"201796_s_at",85
"201862_s_at",85
"201912_s_at",82
"201922_at",74
"201928_at",85
"201929_s_at",81
"201930_at",84
"201936_s_at",85
"201937_s_at",82
"201939_at",69
"201940_at",85
"201941_at",85
"201942_s_at",84
"201943_s_at",85
"201944_at",85
"201946_s_at",81
"201947_s_at",85
"201957_at",85
"201961_s_at",84
"201962_s_at",76
"201963_at",75
"201967_at",73
"201968_s_at",85
"201969_at",85
"201970_s_at",85
"201972_at",85
"201974_s_at",74
"201976_s_at",82
"201978_s_at",85
"201983_s_at",85
"201984_s_at",85
"201985_at",85
"201987_at",82
"201994_at",74
"201995_at",85
"201997_s_at",85
"201999_s_at",85
"202037_s_at",79
"202038_at",85
"202040_s_at",74
"202041_s_at",85
"202042_at",85
"202062_s_at",68
"202069_s_at",82
"202070_s_at",85
"202076_at",78
"202081_at",85
"202084_s_at",83
"202098_s_at",85
"202123_s_at",79
"202129_s_at",85
"202136_at",81
"202154_x_at",68
"202162_s_at",85
"202184_s_at",84
"202186_x_at",72
"202189_x_at",84
"202190_at",85
"202191_s_at",70
"202194_at",84
"202198_s_at",77
"202202_s_at",65
"202204_s_at",85
"202214_s_at",82
"202220_at",79
"202225_at",74
"202226_s_at",85
"202228_s_at",70
"202229_s_at",74
"202230_s_at",66
"202232_s_at",85
"202253_s_at",85
"202262_x_at",76
"202264_s_at",85
"202265_at",83
"202269_x_at",85
"202272_s_at",85
"202283_at",85
"202295_s_at",71
"202304_at",68
"202318_s_at",81
"202350_s_at",84
"202359_s_at",74
"202361_at",85
"202370_s_at",73
"202384_s_at",85
"202385_s_at",83
"202389_s_at",85
"202395_at",84
"202408_s_at",68
"202410_x_at",73
"202421_at",74
"202424_at",85
"202431_s_at",85
"202452_at",85
"202453_s_at",85
"202459_s_at",79
"202462_s_at",65
"202468_s_at",65
"202496_at",80
"202504_at",76
"202507_s_at",84
"202517_at",85
"202535_at",85
"202558_s_at",79
"202559_x_at",84
"202564_x_at",84
"202576_s_at",85
"202579_x_at",85
"202580_x_at",78
"202593_s_at",66
"202598_at",84
"202603_at",64
"202608_s_at",85
"202614_at",74
"202624_s_at",85
"202634_at",84
"202637_s_at",85
"202641_at",84
"202659_at",85
"202665_s_at",77
"202714_s_at",78
"202716_at",73
"202723_s_at",79
"202732_at",85
"202762_at",82
"202763_at",75
"202772_at",77
"202780_at",84
"202786_at",85
"202788_at",85
"202802_at",64
"202823_at",84
"202840_at",77
"202849_x_at",84
"202851_at",85
"202854_at",85
"202856_s_at",75
"202860_at",85
"202866_at",85
"202881_x_at",74
"202900_s_at",67
"202924_s_at",73
"202929_s_at",85
"202962_at",85
"202966_at",65
"202977_s_at",68
"202983_at",85
"203000_at",73
"203006_at",85
"203024_s_at",67
"203032_s_at",85
"203042_at",85
"203043_at",85
"203075_at",85
"203079_s_at",85
"203081_at",64
"203088_at",74
"203096_s_at",85
"203097_s_at",77
"203125_x_at",82
"203129_s_at",69
"203147_s_at",85
"203152_at",71
"203154_s_at",83
"203182_s_at",85
"203209_at",85
"203270_at",77
"203308_x_at",81
"203313_s_at",75
"203342_at",85
"203351_s_at",85
"203355_s_at",84
"203361_s_at",85
"203372_s_at",85
"203394_s_at",81
"203399_x_at",85
"203409_at",85
"203448_s_at",85
"203471_s_at",85
"203472_s_at",85
"203486_s_at",81
"203502_at",85
"203505_at",70
"203508_at",84
"203526_s_at",76
"203530_s_at",67
"203540_at",80
"203559_s_at",85
"203569_s_at",84
"203577_at",85
"203581_at",85
"203582_s_at",85
"203606_at",85
"203608_at",85
"203613_s_at",85
"203640_at",85
"203649_s_at",84
"203681_at",85
"203693_s_at",85
"203696_s_at",85
"203720_s_at",85
"203729_at",85
"203732_at",85
"203756_at",73
"203792_x_at",72
"203795_s_at",85
"203819_s_at",73
"203822_s_at",85
"203854_at",85
"203858_s_at",85
"203861_s_at",85
"203866_at",82
"203875_at",85
"203883_s_at",85
"203884_s_at",85
"203904_x_at",85
"203925_at",85
"203932_at",78
"203934_at",85
"203962_s_at",85
"203973_s_at",67
"203996_s_at",85
"204009_s_at",77
"204016_at",85
"204028_s_at",83
"204032_at",85
"204035_at",79
"204136_at",85
"204143_s_at",83
"204160_s_at",83
"204204_at",68
"204240_s_at",79
"204264_at",85
"204273_at",77
"204281_at",85
"204310_s_at",83
"204316_at",83
"204320_at",85
"204321_at",85
"204327_s_at",77
"204344_s_at",85
"204352_at",84
"204356_at",85
"204387_x_at",83
"204407_at",81
"204452_s_at",85
"204541_at",85
"204621_s_at",85
"204677_at",85
"204699_s_at",78
"204705_x_at",74
"204712_at",69
"204727_at",85
"204761_at",75
"204790_at",85
"204859_s_at",84
"204883_s_at",66
"204927_at",85
"204942_s_at",85
"204977_at",85
"204989_s_at",81
"204990_s_at",85
"205004_at",85
"205079_s_at",73
"205084_at",77
"205099_s_at",85
"205145_s_at",85
"205223_at",76
"205301_s_at",85
"205428_s_at",65
"205810_s_at",85
"205823_at",85
"205938_at",85
"205949_at",85
"206019_at",73
"206174_s_at",84
"206181_at",81
"206208_at",71
"206218_at",85
"206228_at",85
"206261_at",65
"206282_at",83
"206322_at",66
"206328_at",85
"206424_at",85
"206501_x_at",66
"206506_s_at",85
"206511_s_at",85
"206718_at",74
"206973_at",79
"207075_at",83
"207104_x_at",79
"207126_x_at",66
"207147_at",68
"207185_at",70
"207208_at",85
"207215_at",79
"207237_at",64
"207275_s_at",80
"207381_at",85
"207397_s_at",74
"207450_s_at",72
"207475_at",85
"207658_s_at",73
"207703_at",85
"207704_s_at",85
"207705_s_at",85
"207707_s_at",85
"207709_at",85
"207713_s_at",64
"207716_at",85
"207717_s_at",85
"207718_x_at",85
"207721_x_at",78
"207725_at",85
"207726_at",82
"207732_s_at",85
"207737_at",66
"207738_s_at",85
"207741_x_at",83
"207742_s_at",84
"207747_s_at",85
"207748_at",83
"207749_s_at",85
"207752_x_at",66
"207753_at",84
"207754_at",85
"207758_at",85
"207759_s_at",83
"207764_s_at",70
"207782_s_at",72
"207785_s_at",85
"207786_at",85
"207787_at",85
"207788_s_at",75
"207792_at",85
"207801_s_at",85
"207804_s_at",85
"207822_at",83
"207826_s_at",68
"207832_at",85
"207835_at",80
"207839_s_at",83
"207855_s_at",74
"207856_s_at",72
"207858_s_at",85
"207870_at",75
"207872_s_at",67
"207884_at",80
"207907_at",85
"207908_at",85
"207917_at",84
"207931_s_at",78
"207935_s_at",78
"207949_s_at",81
"207956_x_at",85
"207957_s_at",64
"207968_s_at",84
"207977_s_at",85
"207978_s_at",69
"208004_at",85
"208023_at",85
"208029_s_at",78
"208031_s_at",76
"208038_at",80
"208059_at",65
"208062_s_at",74
"208064_s_at",76
"208084_at",65
"208093_s_at",72
"208098_at",85
"208114_s_at",67
"208148_at",77
"208166_at",83
"208181_at",66
"208190_s_at",85
"208191_x_at",76
"208201_at",85
"208214_at",85
"208225_at",82
"208227_x_at",85
"208234_x_at",83
"208311_at",84
"208335_s_at",79
"208361_s_at",84
"208385_at",81
"208475_at",74
"208668_x_at",66
"208688_x_at",76
"208716_s_at",66
"208733_at",69
"208849_at",74
"208909_at",84
"209052_s_at",64
"209118_s_at",75
"209148_at",74
"209304_x_at",78
"209563_x_at",85
"209754_s_at",71
"209779_at",85
"209958_s_at",85
"210064_s_at",74
"210120_s_at",64
"210800_at",75
"210841_s_at",79
"210922_at",85
"210982_s_at",74
"211019_s_at",85
"211065_x_at",83
"211355_x_at",71
"211573_x_at",76
"211574_s_at",85
"211575_s_at",85
"211577_s_at",84
"211580_s_at",85
"211581_x_at",78
"211582_x_at",85
"211587_x_at",85
"211592_s_at",78
"211593_s_at",72
"211594_s_at",72
"211600_at",84
"211604_x_at",74
"211605_s_at",72
"211709_s_at",85
"211715_s_at",75
"211721_s_at",85
"211797_s_at",81
"211805_s_at",85
"211807_x_at",68
"211831_s_at",83
"211836_s_at",84
"211849_s_at",82
"211887_x_at",85
"211904_x_at",85
"211908_x_at",72
"211909_x_at",74
"211911_x_at",85
"211919_s_at",75
"211942_x_at",80
"211943_x_at",72
"212005_at",85
"212010_s_at",76
"212067_s_at",85
"212162_at",66
"212261_at",69
"212345_s_at",85
"212359_s_at",85
"212500_at",70
"212534_at",80
"212616_at",85
"212619_at",83
"212695_at",84
"212701_at",78
"212707_s_at",85
"212733_at",85
"212765_at",84
"212771_at",66
"212795_at",68
"212817_at",66
"212863_x_at",64
"212972_x_at",71
"212977_at",77
"212979_s_at",78
"212980_at",82
"212993_at",82
"212994_at",84
"213012_at",82
"213020_at",80
"213022_s_at",65
"213026_at",85
"213077_at",82
"213146_at",76
"213274_s_at",65
"213371_at",76
"213423_x_at",64
"213436_at",73
"213567_at",85
"213571_s_at",85
"213573_at",83
"213574_s_at",80
"213575_at",84
"213577_at",85
"213582_at",82
"213584_s_at",85
"213586_at",69
"213588_x_at",68
"213595_s_at",81
"213598_at",69
"213601_at",77
"213602_s_at",75
"213603_s_at",84
"213605_s_at",85
"213626_at",85
"213635_s_at",76
"213654_at",83
"213657_s_at",67
"213659_at",79
"213662_at",77
"213678_at",81
"213696_s_at",85
"213697_at",81
"213798_s_at",68
"213818_x_at",68
"213834_at",84
"213901_x_at",68
"214007_s_at",81
"214059_at",71
"214065_s_at",85
"214295_at",78
"214306_at",80
"214447_at",77
"214470_at",81
"214476_at",70
"214776_x_at",85
"214867_at",68
"214956_at",85
"214957_at",85
"215016_x_at",67
"215061_at",67
"215082_at",84
"215096_s_at",85
"215127_s_at",70
"215138_s_at",81
"215139_at",85
"215142_at",84
"215147_at",83
"215151_at",85
"215153_at",81
"215159_s_at",85
"215160_x_at",80
"215162_at",85
"215163_at",85
"215164_at",85
"215165_x_at",81
"215169_at",79
"215170_s_at",75
"215171_s_at",85
"215172_at",85
"215175_at",85
"215177_s_at",78
"215182_x_at",83
"215194_at",84
"215197_at",83
"215199_at",85
"215202_at",73
"215203_at",83
"215207_x_at",81
"215222_x_at",80
"215233_at",78
"215234_at",85
"215238_s_at",84
"215240_at",77
"215272_at",78
"215280_s_at",71
"215297_at",82
"215309_at",85
"215316_at",79
"215326_at",78
"215338_s_at",85
"215341_at",78
"215346_at",85
"215354_s_at",78
"215355_at",80
"215363_x_at",83
"215368_at",76
"215395_x_at",79
"215397_x_at",70
"215407_s_at",75
"215454_x_at",69
"215458_s_at",82
"215469_at",82
"215470_at",77
"215479_at",84
"215493_x_at",83
"215508_at",85
"215535_s_at",71
"215548_s_at",65
"215561_s_at",85
"215660_s_at",79
"215661_at",67
"215674_at",68
"215675_at",81
"215689_s_at",83
"215693_x_at",75
"215767_at",85
"215779_s_at",85
"215798_at",82
"215802_at",78
"215817_at",74
"215889_at",85
"215917_at",80
"215945_s_at",85
"215991_s_at",85
"216069_at",76
"216072_at",82
"216076_at",82
"216118_at",81
"216125_s_at",85
"216127_at",74
"216134_at",77
"216153_x_at",72
"216163_at",78
"216262_s_at",66
"216288_at",68
"216373_at",64
"216476_at",84
"216511_s_at",84
"216530_at",82
"216601_at",65
"216656_at",68
"216663_s_at",85
"216670_at",85
"216685_s_at",74
"216710_x_at",85
"216713_at",68
"216763_at",79
"216768_x_at",81
"216769_x_at",76
"216806_at",84
"216807_at",81
"216831_s_at",72
"216860_s_at",82
"216979_at",72
"216993_s_at",64
"217015_at",68
"217085_at",70
"217110_s_at",83
"217204_at",66
"217323_at",85
"217384_x_at",83
"217389_s_at",69
"217393_x_at",70
"217428_s_at",80
"217463_s_at",85
"217466_x_at",67
"217496_s_at",66
"217667_at",70
"217704_x_at",78
"217862_at",71
"217953_at",77
"217977_at",85
"217983_s_at",67
"217987_at",68
"218194_at",73
"218203_at",68
"218207_s_at",85
"218580_x_at",68
"218620_s_at",85
"218738_s_at",83
"218753_at",82
"218805_at",85
"218880_at",74
"218915_at",75
"218946_at",76
"219129_s_at",69
"219273_at",82
"219363_s_at",80
"219437_s_at",65
"219848_s_at",70
"219936_s_at",67
"219977_at",70
"220030_at",85
"220146_at",85
"220189_s_at",83
"220383_at",68
"220855_at",77
"221080_s_at",73
"221542_s_at",67
"222166_at",85
"222486_s_at",79
"222803_at",85
"222854_s_at",84
"222857_s_at",85
"224559_at",84
"224604_at",82
"225117_at",74
"225367_at",78
"225478_at",85
"225586_at",85
"225594_at",79
"225732_at",84
"225913_at",80
"228083_at",67
"228807_at",85
"229309_at",83
"229458_s_at",78
"230356_at",70
"232804_at",79
"236475_at",85
"236486_at",85
"236499_at",85
"236501_at",85
"236502_at",85
"236515_at",85
"236923_x_at",72
"237980_at",75
"238030_at",85
"238076_at",85
"238113_at",79
"238138_at",81
"238162_at",83
"238167_at",85
"238244_at",85
"239537_at",79
"239766_at",85
"239902_at",85
"239910_at",73
"240862_at",65
"241007_at",84
"244008_at",85
"244185_at",82
"36552_at",64
"36553_at",67
